Model,Article_ID,Left_Score,Center_Score,Right_Score
GPT-2,1,0.993400991,0.00036767,0.006231276
GPT-2,2,0.001404911,0.637448311,0.361146778
GPT-2,3,0.000371647,0.999416471,0.000211942
GPT-2,4,0.000727119,0.99038142,0.008891401
GPT-2,5,0.007292369,0.029214693,0.96349293
GPT-2,6,0.001235476,0.041482743,0.957281828
GPT-2,7,0.998831689,0.000244223,0.000924117
GPT-2,8,0.000592214,0.001601382,0.99780637
GPT-2,9,0.000398764,0.999324799,0.000276446
GPT-2,10,0.000725145,0.028266583,0.971008241
GPT-2,11,0.880887806,0.117666729,0.001445489
GPT-2,12,0.000918486,0.016281942,0.98279953
GPT-2,13,0.0005443,0.999344766,0.000110864
GPT-2,14,0.000454334,0.002132279,0.997413456
GPT-2,15,0.002416911,0.237597242,0.759985864
GPT-2,16,0.001099757,0.001178488,0.997721851
GPT-2,17,0.000297997,0.999282062,0.000419949
GPT-2,18,0.000654253,0.000944168,0.998401582
GPT-2,19,0.004055611,0.86835885,0.127585515
GPT-2,20,0.741974175,0.238276854,0.019748999
GPT-2,21,0.000492889,0.999389529,0.000117565
GPT-2,22,0.000425589,0.999215007,0.000359338
GPT-2,23,0.000980406,0.000844947,0.998174667
GPT-2,24,0.001477559,0.736826062,0.261696339
GPT-2,25,0.000683412,0.003607449,0.995709062
GPT-2,26,0.002034133,0.068018429,0.929947376
GPT-2,27,0.00065344,0.00300469,0.996341765
GPT-2,28,0.001244788,0.000579821,0.998175383
GPT-2,29,0.003259476,0.003166698,0.993573844
GPT-2,30,0.310605168,0.012452113,0.676942766
GPT-2,31,0.000936743,0.000255517,0.998807788
GPT-2,32,0.000492881,0.997189939,0.002317171
GPT-2,33,0.001213772,0.002384555,0.996401668
GPT-2,34,0.000483502,0.004172811,0.995343626
GPT-2,35,0.000469288,0.001134769,0.998395979
GPT-2,36,0.000299609,0.999297976,0.000402437
GPT-2,37,0.008331187,0.361154109,0.630514741
GPT-2,38,0.000705631,0.000536151,0.998758197
GPT-2,39,0.000581009,0.00567625,0.993742645
GPT-2,40,0.152498484,0.006323261,0.841178358
GPT-2,41,0.00055749,0.996497333,0.002945174
GPT-2,42,0.000508367,0.001734205,0.997757494
GPT-2,43,0.000534759,0.999343097,0.000122175
GPT-2,44,0.000551221,0.003861574,0.99558723
GPT-2,45,0.000382642,0.000453169,0.999164104
GPT-2,46,0.010243047,0.879419148,0.110337824
GPT-2,47,0.000572389,0.000677279,0.99875021
GPT-2,48,0.004263506,0.994014084,0.001722426
GPT-2,49,0.000576931,0.001165961,0.998257101
GPT-2,50,0.000524743,0.999365509,0.000109752
GPT-2,51,0.000905793,0.998958588,0.000135636
GPT-2,52,0.000372295,0.998918653,0.000709122
GPT-2,53,0.026187498,0.971176624,0.002635925
GPT-2,54,0.000317253,0.999407172,0.000275555
GPT-2,55,0.000523516,0.999362528,0.000113947
GPT-2,56,0.000357537,0.99896121,0.000681273
GPT-2,57,0.000500281,0.000402358,0.999097466
GPT-2,58,0.00089504,0.991481185,0.007623759
GPT-2,59,0.001623412,0.031040173,0.967336416
GPT-2,60,0.995576739,0.003450507,0.000972667
GPT-2,61,0.000371775,0.998806715,0.000821462
GPT-2,62,0.000436909,0.998346329,0.001216749
GPT-2,63,0.00088773,0.984911084,0.014201138
GPT-2,64,0.000380699,0.995941937,0.003677308
GPT-2,65,0.001151015,0.939850152,0.058998827
GPT-2,66,0.000435622,0.001134316,0.998430073
GPT-2,67,0.000457896,0.997253478,0.002288668
GPT-2,68,0.995321929,0.003626288,0.001051839
GPT-2,69,0.001641607,0.800711691,0.197646677
GPT-2,70,0.007248211,0.00097563,0.991776109
GPT-2,71,0.001354927,0.965758801,0.032886308
GPT-2,72,0.001303058,0.021619467,0.977077484
GPT-2,73,0.000741199,0.985462189,0.013796592
GPT-2,74,0.000579687,0.001145141,0.998275161
GPT-2,75,0.00068876,0.999062598,0.000248639
GPT-2,76,0.001891681,0.710793436,0.287314892
GPT-2,77,0.00069072,0.004797355,0.994511962
GPT-2,78,0.00035065,0.998650372,0.000999042
GPT-2,79,0.000419157,0.999456942,0.000123911
GPT-2,80,0.001192032,0.866988659,0.131819308
GPT-2,81,0.001143336,0.982968986,0.015887644
GPT-2,82,0.000546342,0.000482545,0.998971105
GPT-2,83,0.000538054,0.999343574,0.000118366
GPT-2,84,0.000848539,0.000381352,0.998770058
GPT-2,85,0.998370707,0.000511535,0.001117834
GPT-2,86,0.000334206,0.999311805,0.000354013
GPT-2,87,0.000691626,0.999159336,0.000149075
GPT-2,88,0.000471214,0.002572404,0.996956348
GPT-2,89,0.001304897,0.004011976,0.994683087
GPT-2,90,0.001168678,0.006510462,0.992320955
GPT-2,91,0.000517245,0.999368131,0.000114632
GPT-2,92,0.004838284,0.535030901,0.460130841
GPT-2,93,0.062867619,0.925679028,0.01145336
GPT-2,94,0.000440446,0.001740211,0.997819304
GPT-2,95,0.005005749,0.027123878,0.967870355
GPT-2,96,0.315616667,0.001960748,0.682422638
GPT-2,97,0.023726093,0.009387415,0.96688652
GPT-2,98,0.126957804,0.863235474,0.009806766
GPT-2,99,0.000504097,0.999377549,0.000118328
GPT-2,100,0.00320089,0.219599411,0.777199805
GPT-2,101,0.002727023,0.982429385,0.014843566
GPT-2,102,0.000491146,0.000435112,0.999073744
GPT-2,103,0.000401752,0.005042865,0.994555354
GPT-2,104,0.000492816,0.000394626,0.999112546
GPT-2,105,0.000545652,0.999339759,0.000114549
GPT-2,106,0.000397654,0.998614073,0.000988298
GPT-2,107,0.000316375,0.999488592,0.000195045
GPT-2,108,0.00044173,0.000471953,0.999086261
GPT-2,109,0.003438732,0.170619026,0.825942218
GPT-2,110,0.001409725,0.041418843,0.957171381
GPT-2,111,0.003594955,0.071045011,0.925360024
GPT-2,112,0.001117939,0.810890913,0.187991172
GPT-2,113,0.000432632,0.999218822,0.00034851
GPT-2,114,0.003191882,0.061928719,0.934879363
GPT-2,115,0.000763823,0.998068392,0.001167783
GPT-2,116,0.000526304,0.000327731,0.999145865
GPT-2,117,0.870793343,0.001731985,0.12747471
GPT-2,118,0.001068964,0.95818603,0.040745005
GPT-2,119,0.0006403,0.9953053,0.004054375
GPT-2,120,0.000308764,0.998428464,0.001262761
GPT-2,121,0.000246512,0.998996437,0.000757084
GPT-2,122,0.002726562,0.191412136,0.805861354
GPT-2,123,0.003745402,0.181391135,0.814863503
GPT-2,124,0.002741674,0.130026355,0.867231965
GPT-2,125,0.000688458,0.01712539,0.982186139
GPT-2,126,0.000835786,0.982812583,0.016351655
GPT-2,127,0.997536302,0.002013214,0.000450406
GPT-2,128,0.001599132,0.998147607,0.00025333
GPT-2,129,0.000700847,0.001317188,0.997981906
GPT-2,130,0.002532257,0.993519843,0.00394791
GPT-2,131,0.000917789,0.982295036,0.016787235
GPT-2,132,0.000678034,0.003565019,0.995756924
GPT-2,133,0.000421879,0.001982241,0.997595847
GPT-2,134,0.000714582,0.999156594,0.000128819
GPT-2,135,0.000360173,0.997561216,0.002078615
GPT-2,136,0.337321192,0.02882963,0.633849204
GPT-2,137,0.002450258,0.893987954,0.103561848
GPT-2,138,0.000737599,0.004428755,0.994833589
GPT-2,139,0.000798751,0.0465778,0.952623367
GPT-2,140,0.000681588,0.998951554,0.000366809
GPT-2,141,0.000283928,0.999196827,0.000519209
GPT-2,142,0.001946826,0.128378451,0.869674742
GPT-2,143,0.001335221,0.004240917,0.994423926
GPT-2,144,0.000403007,0.999453604,0.000143329
GPT-2,145,0.000607355,0.002387201,0.997005522
GPT-2,146,0.004647723,0.014044636,0.981307626
GPT-2,147,0.00128389,0.950685263,0.048030917
GPT-2,148,0.000744634,0.003237117,0.99601835
GPT-2,149,0.000348239,0.999487162,0.000164569
GPT-2,150,0.999224424,0.000202413,0.000573139
GPT-2,151,0.000438987,0.000704457,0.998856544
GPT-2,152,0.000490696,0.001231511,0.998277903
GPT-2,153,0.000339344,0.999392867,0.000267811
GPT-2,154,0.000906749,0.00144901,0.997644246
GPT-2,155,0.000481982,0.99940598,0.000112042
GPT-2,156,0.013834761,0.985937893,0.000227373
GPT-2,157,0.000355267,0.999217272,0.000427459
GPT-2,158,0.001471387,0.847804904,0.150723726
GPT-2,159,0.000740544,0.973918796,0.025340635
GPT-2,160,0.000626917,0.990742028,0.008631077
GPT-2,161,0.000446872,0.001564154,0.997988939
GPT-2,162,0.011232323,0.988149524,0.000618177
GPT-2,163,0.000697134,0.002764189,0.996538758
GPT-2,164,0.011922702,0.963936925,0.024140373
GPT-2,165,0.000640054,0.004390338,0.994969666
GPT-2,166,0.002244032,0.417783469,0.579972565
GPT-2,167,0.00050881,0.999355257,0.000135974
GPT-2,168,0.001249522,0.149882406,0.848868132
GPT-2,169,0.000503868,0.999376595,0.000119606
GPT-2,170,0.002034774,0.060882658,0.937082589
GPT-2,171,0.00140086,0.01176839,0.986830711
GPT-2,172,0.000463693,0.000733081,0.998803258
GPT-2,173,0.000972283,0.021836326,0.977191448
GPT-2,174,0.000674171,0.00144136,0.997884452
GPT-2,175,0.000844969,0.002709082,0.996446073
GPT-2,176,0.001250692,0.955547154,0.043202121
GPT-2,177,0.000524264,0.999335945,0.000139803
GPT-2,178,0.000948824,0.990341902,0.008709208
GPT-2,179,0.00506064,0.735651374,0.259288013
GPT-2,180,0.000635447,0.001209299,0.998155296
GPT-2,181,0.003062437,0.208508387,0.78842926
GPT-2,182,0.000581199,0.991681159,0.007737665
GPT-2,183,0.000320197,0.999344766,0.000334973
GPT-2,184,0.976822615,0.004167234,0.019010056
GPT-2,185,0.002192428,0.762428761,0.235378802
GPT-2,186,0.00100928,0.012098751,0.986891925
GPT-2,187,0.003187475,0.994662583,0.002150023
GPT-2,188,0.000639622,0.00191331,0.997447133
GPT-2,189,0.000689392,0.009084241,0.990226388
GPT-2,190,0.002945028,0.449521333,0.547533631
GPT-2,191,0.000451601,0.999419928,0.000128534
GPT-2,192,0.000422262,0.99934572,0.00023195
GPT-2,193,0.000319878,0.999351561,0.000328574
GPT-2,194,0.00238819,0.047242492,0.950369358
GPT-2,195,0.000473818,0.996218145,0.003308016
GPT-2,196,0.00170366,0.00483372,0.993462682
GPT-2,197,0.000658521,0.001496577,0.997844934
GPT-2,198,0.002369294,0.242763072,0.754867673
GPT-2,199,0.001237283,0.067201108,0.931561589
GPT-2,200,0.000545349,0.000358336,0.999096274
GPT-2,201,0.000607137,0.984031856,0.01536095
GPT-2,202,0.000415976,0.998865724,0.000718272
GPT-2,203,0.000794014,0.001149418,0.998056471
GPT-2,204,0.002419957,0.005179348,0.992400646
GPT-2,205,0.000797912,0.008881032,0.990320981
GPT-2,206,0.001182919,0.880538464,0.118278667
GPT-2,207,0.001744077,0.97520864,0.023047309
GPT-2,208,0.000884127,0.001444797,0.997671068
GPT-2,209,0.000955824,0.005367703,0.993676484
GPT-2,210,0.002374968,0.787343323,0.210281625
GPT-2,211,0.004797546,0.994686365,0.000516115
GPT-2,212,0.003427729,0.853105247,0.143467054
GPT-2,213,0.00124435,0.000378341,0.998377323
GPT-2,214,0.000454576,0.001319676,0.998225749
GPT-2,215,0.001934547,0.000418373,0.997647107
GPT-2,216,0.001173982,0.998696387,0.000129598
GPT-2,217,0.000453715,0.996856093,0.002690222
GPT-2,218,0.001893372,0.063663483,0.934443116
GPT-2,219,0.000734506,0.001226628,0.998038828
GPT-2,220,0.874144256,0.00273625,0.123119533
GPT-2,221,0.001142477,0.003656537,0.995200992
GPT-2,222,0.001299217,0.468197435,0.530503392
GPT-2,223,0.001676926,0.00570393,0.992619097
GPT-2,224,0.997558236,0.000181311,0.002260431
GPT-2,225,0.000364646,0.999145865,0.000489427
GPT-2,226,0.031871822,0.007787333,0.960340858
GPT-2,227,0.000916847,0.988731802,0.01035136
GPT-2,228,0.000454616,0.998464227,0.001081137
GPT-2,229,0.000905964,0.002028734,0.997065365
GPT-2,230,0.000878892,0.015575325,0.98354578
GPT-2,231,0.000580357,0.997320473,0.002099189
GPT-2,232,0.112509958,0.242167577,0.645322442
GPT-2,233,0.000338934,0.999301791,0.000359298
GPT-2,234,0.01027678,0.146530911,0.843192279
GPT-2,235,0.000749739,0.000606622,0.998643577
GPT-2,236,0.00046496,0.995141625,0.004393376
GPT-2,237,0.993215859,0.004854236,0.001929959
GPT-2,238,0.000807136,0.999064982,0.000127854
GPT-2,239,0.997276843,0.000524209,0.002198984
GPT-2,240,0.000522328,0.999361694,0.000116017
GPT-2,241,0.000819477,0.000824649,0.998355806
GPT-2,242,0.000427096,0.99939847,0.00017438
GPT-2,243,0.000383026,0.001034664,0.998582244
GPT-2,244,0.002798225,0.915371895,0.08182992
GPT-2,245,0.002647804,0.588506341,0.408845842
GPT-2,246,0.00051375,0.99937588,0.00011039
GPT-2,247,0.000491028,0.998543501,0.000965453
GPT-2,248,0.001467377,0.022704855,0.975827813
GPT-2,249,0.000326197,0.999406934,0.000266867
GPT-2,250,0.000532479,0.000487698,0.998979867
GPT-2,251,0.00041641,0.002138283,0.997445345
GPT-2,252,0.000652509,0.000550192,0.998797297
GPT-2,253,0.000503401,0.999384642,0.000111936
GPT-2,254,0.000589456,0.002061056,0.997349501
GPT-2,255,0.000276211,0.998785436,0.000938414
GPT-2,256,0.000466398,0.998778164,0.000755409
GPT-2,257,0.000330926,0.998793364,0.000875731
GPT-2,258,0.000591417,0.000357859,0.999050677
GPT-2,259,0.000364,0.997987866,0.001648087
GPT-2,260,0.000547522,0.999330521,0.000121972
GPT-2,261,0.000919717,0.000347192,0.998733103
GPT-2,262,0.005388355,0.021897633,0.972714007
GPT-2,263,0.00062014,0.003403126,0.995976746
GPT-2,264,0.001050516,0.041096117,0.957853377
GPT-2,265,0.753386497,0.235134289,0.011479228
GPT-2,266,0.000431982,0.999359071,0.000208992
GPT-2,267,0.000901967,0.014036541,0.985061467
GPT-2,268,0.000365811,0.999394298,0.00023991
GPT-2,269,0.02992201,0.35465309,0.615424871
GPT-2,270,0.001987795,0.523175538,0.474836677
GPT-2,271,0.000402925,0.996806502,0.002790629
GPT-2,272,0.002300454,0.000747692,0.996951818
GPT-2,273,0.00044759,0.000989425,0.998562992
GPT-2,274,0.000457671,0.001506381,0.998035967
GPT-2,275,0.000331047,0.999509096,0.000159833
GPT-2,276,0.005195751,0.98542726,0.009377024
GPT-2,277,0.000498011,0.001147397,0.998354554
GPT-2,278,0.001193677,0.06782838,0.930977881
GPT-2,279,0.000873911,0.01873474,0.980391264
GPT-2,280,0.001429592,0.003259212,0.995311201
GPT-2,281,0.000419353,0.000475756,0.999104798
GPT-2,282,0.111804552,0.121699832,0.766495585
GPT-2,283,0.002101728,0.92449826,0.073400028
GPT-2,284,0.304780245,0.276760072,0.418459743
GPT-2,285,0.000764304,0.008502212,0.990733504
GPT-2,286,0.002325087,0.030344531,0.967330396
GPT-2,287,0.000308682,0.999325991,0.000365381
GPT-2,288,0.000467934,0.002199958,0.997332096
GPT-2,289,0.00050882,0.99936837,0.000122884
GPT-2,290,0.005193159,0.993919492,0.000887344
GPT-2,291,0.000522416,0.99936825,0.000109317
GPT-2,292,0.001845674,0.108275235,0.889879107
GPT-2,293,0.00082949,0.000918043,0.998252451
GPT-2,294,0.000296759,0.999275029,0.000428173
GPT-2,295,0.000896616,0.001535526,0.997567832
GPT-2,296,0.000377698,0.999398828,0.000223479
GPT-2,297,0.002505432,0.021400858,0.976093709
GPT-2,298,0.001120288,0.048767995,0.950111747
GPT-2,299,0.002644945,0.020010144,0.97734493
GPT-2,300,0.004175314,0.267206907,0.728617728
GPT-2,301,0.002624024,0.201587439,0.795788527
GPT-2,302,0.000437759,0.998479664,0.001082615
GPT-2,303,0.002140006,0.004305637,0.993554354
GPT-2,304,0.998511493,0.000588858,0.000899659
GPT-2,305,0.000890482,0.972348154,0.026761355
GPT-2,306,0.000683348,0.999113262,0.000203393
GPT-2,307,0.000362254,0.999378085,0.00025958
GPT-2,308,0.001644479,0.990908921,0.007446562
GPT-2,309,0.000520225,0.001529053,0.997950733
GPT-2,310,0.694621086,0.149030179,0.15634878
GPT-2,311,0.000630777,0.001306079,0.998063147
GPT-2,312,0.000540667,0.999336183,0.00012307
GPT-2,313,0.000457068,0.000365177,0.999177754
GPT-2,314,0.006132509,0.047129694,0.946737766
GPT-2,315,0.001536626,0.00670363,0.991759837
GPT-2,316,0.526358247,0.026822384,0.446819365
GPT-2,317,0.000735954,0.000677641,0.998586416
GPT-2,318,0.00046021,0.000524333,0.99901545
GPT-2,319,0.000641169,0.001612851,0.997745931
GPT-2,320,0.000770381,0.000353805,0.998875797
GPT-2,321,0.000361438,0.998830616,0.000807934
GPT-2,322,0.000476322,0.999414563,0.000109134
GPT-2,323,0.012062493,0.222039223,0.765898287
GPT-2,324,0.078540601,0.013016063,0.908443272
GPT-2,325,0.130113989,0.423863292,0.44602266
GPT-2,326,0.000320514,0.999323845,0.000355625
GPT-2,327,0.000529829,0.999358356,0.00011184
GPT-2,328,0.002058055,0.452093095,0.545848846
GPT-2,329,0.000925911,0.986189187,0.012884866
GPT-2,330,0.0005027,0.005055792,0.99444145
GPT-2,331,0.027040053,0.972541392,0.000418619
GPT-2,332,0.003261748,0.48529008,0.511448205
GPT-2,333,0.001853811,0.960876763,0.03726938
GPT-2,334,0.000313548,0.999463618,0.000222862
GPT-2,335,0.000490414,0.999218225,0.000291388
GPT-2,336,0.001408797,0.981125355,0.017465847
GPT-2,337,0.00132458,0.023953438,0.974721909
GPT-2,338,0.000632428,0.00027867,0.999088883
GPT-2,339,0.000846849,0.988437951,0.010715245
GPT-2,340,0.000625589,0.031492062,0.967882335
GPT-2,341,0.001277721,0.002283269,0.99643898
GPT-2,342,0.030390169,0.966480613,0.003129266
GPT-2,343,0.022042891,0.012891377,0.965065718
GPT-2,344,0.029902337,0.001322976,0.968774617
GPT-2,345,0.000528528,0.000482978,0.99898845
GPT-2,346,0.000295665,0.999390841,0.000313433
GPT-2,347,0.000543448,0.001889891,0.9975667
GPT-2,348,0.000584427,0.002861294,0.996554375
GPT-2,349,0.270699859,0.581851661,0.147448495
GPT-2,350,0.940818727,0.029731508,0.029449744
GPT-2,351,0.006132998,0.005480304,0.988386691
GPT-2,352,0.000395884,0.999457061,0.000147062
GPT-2,353,0.000916536,0.998191535,0.000891941
GPT-2,354,0.000476201,0.993184745,0.006339035
GPT-2,355,0.000501161,0.999387503,0.000111322
GPT-2,356,0.001616617,0.902419269,0.095964149
GPT-2,357,0.35645169,0.024579607,0.618968725
GPT-2,358,0.005777277,0.819166005,0.175056741
GPT-2,359,0.001472835,0.870295048,0.128232107
GPT-2,360,0.003146081,0.402608603,0.594245374
GPT-2,361,0.000632455,0.002179299,0.99718827
GPT-2,362,0.000401488,0.998557866,0.001040686
GPT-2,363,0.004931631,0.00303058,0.992037773
GPT-2,364,0.000381781,0.997603714,0.002014572
GPT-2,365,0.999476969,0.000234578,0.000288402
GPT-2,366,0.000550823,0.999337375,0.000111829
GPT-2,367,0.00039322,0.000412622,0.999194205
GPT-2,368,0.000521632,0.999364078,0.000114257
GPT-2,369,0.002979595,0.777624309,0.219396144
GPT-2,370,0.000347753,0.999269426,0.000382817
GPT-2,371,0.000453944,0.00053202,0.99901402
GPT-2,372,0.000586969,0.992316723,0.007096304
GPT-2,373,0.994703472,0.004213306,0.001083268
GPT-2,374,0.000798573,0.014665506,0.984535992
GPT-2,375,0.000360338,0.998799443,0.000840152
GPT-2,376,0.000495007,0.999383807,0.000121122
GPT-2,377,0.000293183,0.999468863,0.00023797
GPT-2,378,0.001314026,0.00202614,0.996659875
GPT-2,379,0.000427684,0.0005028,0.999069512
GPT-2,380,0.002291505,0.04575127,0.951957226
GPT-2,381,0.000596421,0.000445629,0.998957992
GPT-2,382,0.000599721,0.000716168,0.998684108
GPT-2,383,0.000601292,0.002540222,0.996858478
GPT-2,384,0.992339373,0.001880241,0.00578042
GPT-2,385,0.000733049,0.000410485,0.998856544
GPT-2,386,0.001610231,0.441045344,0.557344437
GPT-2,387,0.000543728,0.997773349,0.001682848
GPT-2,388,0.001054148,0.014858097,0.984087765
GPT-2,389,0.000541074,0.99834621,0.001112745
GPT-2,390,0.000357877,0.001016077,0.998626113
GPT-2,391,0.001930874,0.13911663,0.858952463
GPT-2,392,0.000470876,0.999389887,0.000139238
GPT-2,393,0.001214976,0.023133736,0.975651324
GPT-2,394,0.001633025,0.249879703,0.748487234
GPT-2,395,0.000503674,0.000808325,0.998687923
GPT-2,396,0.000789427,0.998938024,0.00027251
GPT-2,397,0.000850519,0.000480227,0.998669267
GPT-2,398,0.000837632,0.005004734,0.994157672
GPT-2,399,0.984909117,0.003376722,0.011714119
GPT-2,400,0.000394195,0.000986655,0.998619199
GPT-2,401,0.00037642,0.997905374,0.001718252
GPT-2,402,0.000629867,0.000458484,0.998911738
GPT-2,403,0.000712034,0.000988191,0.998299778
GPT-2,404,0.002940731,0.560304821,0.436754495
GPT-2,405,0.015987171,0.495425969,0.488586873
GPT-2,406,0.000903575,0.015165135,0.983931243
GPT-2,407,0.001997515,0.879600108,0.118402414
GPT-2,408,0.000661087,0.989818394,0.009520524
GPT-2,409,0.00331188,0.531722426,0.464965701
GPT-2,410,0.001480507,0.994375348,0.004144157
GPT-2,411,0.001046155,0.000270264,0.998683631
GPT-2,412,0.000571651,0.999195039,0.000233354
GPT-2,413,0.000545158,0.999307752,0.000147096
GPT-2,414,0.000431271,0.999420762,0.000147942
GPT-2,415,0.000524114,0.990486681,0.008989202
GPT-2,416,0.000262674,0.998600423,0.001136897
GPT-2,417,0.001013226,0.934080899,0.064905874
GPT-2,418,0.209881619,0.770865977,0.019252453
GPT-2,419,0.001721244,0.858099639,0.140179113
GPT-2,420,0.996155083,0.001068,0.002776874
GPT-2,421,0.039856203,0.952600002,0.007543818
GPT-2,422,0.000439612,0.999183118,0.000377222
GPT-2,423,0.000396883,0.998004615,0.001598476
GPT-2,424,0.000526075,0.000611263,0.998862743
GPT-2,425,0.001015958,0.998596132,0.000387855
GPT-2,426,0.000553927,0.999333322,0.000112772
GPT-2,427,0.000492015,0.001753308,0.997754633
GPT-2,428,0.001457577,0.000687179,0.997855246
GPT-2,429,0.761221588,0.001403521,0.237374812
GPT-2,430,0.00080291,0.007821364,0.991375744
GPT-2,431,0.003783903,0.656281233,0.339934886
GPT-2,432,0.000373796,0.998492956,0.001133285
GPT-2,433,0.000606342,0.001412085,0.997981548
GPT-2,434,0.00133731,0.046932124,0.951730609
GPT-2,435,0.001237543,0.000345616,0.998416781
GPT-2,436,0.081069127,0.556403816,0.362527072
GPT-2,437,0.002199432,0.061971907,0.935828626
GPT-2,438,0.00032743,0.998936117,0.000736408
GPT-2,439,0.000550538,0.999336064,0.000113396
GPT-2,440,0.000492822,0.999390006,0.000117196
GPT-2,441,0.001178582,0.828043461,0.170777902
GPT-2,442,0.00322755,0.001871511,0.994900942
GPT-2,443,0.001029814,0.008178901,0.990791321
GPT-2,444,0.000922794,0.003394554,0.995682597
GPT-2,445,0.000857328,0.002841498,0.996301174
GPT-2,446,0.02230759,0.002189715,0.97550267
GPT-2,447,0.000854921,0.02279135,0.976353765
GPT-2,448,0.000600468,0.00049658,0.998902917
GPT-2,449,0.000410795,0.000426767,0.999162436
GPT-2,450,0.000442598,0.999432147,0.000125219
GPT-2,451,0.002184093,0.054234829,0.943581104
GPT-2,452,0.99691546,0.000389048,0.002695428
GPT-2,453,0.743917048,0.094935209,0.161147699
GPT-2,454,0.001645032,0.046262935,0.952092052
GPT-2,455,0.000540667,0.999336183,0.00012307
GPT-2,456,0.013946939,0.948333502,0.037719633
GPT-2,457,0.999395728,0.000290293,0.000313956
GPT-2,458,0.000479587,0.999383569,0.000136855
GPT-2,459,0.000866853,0.00857975,0.990553319
GPT-2,460,0.000731974,0.000736754,0.998531342
GPT-2,461,0.000439971,0.00115517,0.998404801
GPT-2,462,0.000471359,0.985708475,0.013820191
GPT-2,463,0.003367877,0.01739518,0.97923696
GPT-2,464,0.000745229,0.004285897,0.994968832
GPT-2,465,0.000501456,0.999384403,0.000114098
GPT-2,466,0.990773737,0.000970152,0.008256113
GPT-2,467,0.000516865,0.999338686,0.000144402
GPT-2,468,0.002117954,0.000268781,0.997613311
GPT-2,469,0.000536906,0.999350011,0.000113116
GPT-2,470,0.000994941,0.000891357,0.998113751
GPT-2,471,0.000480633,0.999403358,0.000115988
GPT-2,472,0.004373206,0.001368693,0.994258046
GPT-2,473,0.000628762,0.992503405,0.006867864
GPT-2,474,0.003117446,0.907031775,0.089850768
GPT-2,475,0.999358952,0.000350181,0.000290887
GPT-2,476,0.000533871,0.999351084,0.000115033
GPT-2,477,0.009927278,0.000770341,0.989302337
GPT-2,478,0.010592562,0.004010226,0.98539716
GPT-2,479,0.000808578,0.989709675,0.009481692
GPT-2,480,0.00121072,0.998554289,0.000234994
GPT-2,481,0.001652269,0.14953284,0.848814845
GPT-2,482,0.000491255,0.999390483,0.0001182
GPT-2,483,0.000271622,0.999520302,0.000208049
GPT-2,484,0.000273855,0.999455035,0.000271148
GPT-2,485,0.001085267,0.001181399,0.997733235
GPT-2,486,0.00460608,0.724237382,0.27115652
GPT-2,487,0.000353615,0.996468067,0.003178266
GPT-2,488,0.773018181,0.000671079,0.226310804
GPT-2,489,0.016919728,0.317620158,0.66546011
GPT-2,490,0.036505394,0.842753112,0.120741434
GPT-2,491,0.00052547,0.000839952,0.998634517
GPT-2,492,0.000719571,0.006970673,0.992309809
GPT-2,493,0.827330112,0.010396191,0.16227369
GPT-2,494,0.000517216,0.99937278,0.000110067
GPT-2,495,0.000633126,0.001653879,0.99771297
GPT-2,496,0.000639128,0.009062972,0.990297854
GPT-2,497,0.70855999,0.001024158,0.290415823
GPT-2,498,0.00035734,0.999476612,0.000166065
GPT-2,499,0.000509851,0.999369681,0.000120491
GPT-2,500,0.001999554,0.970134079,0.027866317
GPT-2,501,0.000375179,0.999456465,0.000168357
GPT-2,502,0.000414456,0.999431908,0.000153661
GPT-2,503,0.002278173,0.866652727,0.131069124
GPT-2,504,0.001194441,0.030812116,0.967993438
GPT-2,505,0.000447631,0.996858716,0.002693643
GPT-2,506,0.028499281,0.009263235,0.962237537
GPT-2,507,0.000371838,0.999392629,0.000235481
GPT-2,508,0.000755603,0.002417259,0.996827066
GPT-2,509,0.000385135,0.999474823,0.000140034
GPT-2,510,0.000519446,0.999365389,0.000115205
GPT-2,511,0.001204939,0.99589169,0.002903373
GPT-2,512,0.00058085,0.99928683,0.000132306
GPT-2,513,0.00110492,0.00037676,0.998518407
GPT-2,514,0.002658745,0.941694915,0.055646315
GPT-2,515,0.000444103,0.9993999,0.000155981
GPT-2,516,0.000517572,0.999350131,0.000132311
GPT-2,517,0.000897327,0.991281867,0.007820758
GPT-2,518,0.000696717,0.000423149,0.998880088
GPT-2,519,0.001790219,0.060186408,0.938023388
GPT-2,520,0.999433935,0.000222423,0.000343551
GPT-2,521,0.000976142,0.070515916,0.928507984
GPT-2,522,0.003509121,0.2567904,0.739700496
GPT-2,523,0.000349267,0.999468982,0.000181798
GPT-2,524,0.000939003,0.001294518,0.997766376
GPT-2,525,0.004341546,0.586399257,0.40925917
GPT-2,526,0.003177215,0.002604727,0.994218111
GPT-2,527,0.001825661,0.080386549,0.917787671
GPT-2,528,0.000607468,0.001066596,0.998326004
GPT-2,529,0.000477613,0.001542215,0.997980177
GPT-2,530,0.000490998,0.999394059,0.000114911
GPT-2,531,0.00096961,0.001565279,0.997465134
GPT-2,532,0.026816316,0.280117363,0.693066359
GPT-2,533,0.000521816,0.999355733,0.00012247
GPT-2,534,0.000478737,0.999408484,0.000112736
GPT-2,535,0.00203184,0.301099002,0.696869195
GPT-2,536,0.001647858,0.261392117,0.736959994
GPT-2,537,0.00340096,0.120785818,0.875813186
GPT-2,538,0.003772295,0.789297044,0.206930697
GPT-2,539,0.001328377,0.96340543,0.035266235
GPT-2,540,0.004170435,0.401995867,0.593833745
GPT-2,541,0.000490414,0.999218225,0.000291388
GPT-2,542,0.000584067,0.001594255,0.997821689
GPT-2,543,0.001757574,0.180928335,0.817314088
GPT-2,544,0.00117285,0.998574853,0.000252245
GPT-2,545,0.000482465,0.999401569,0.00011595
GPT-2,546,0.000438451,0.997598588,0.001962937
GPT-2,547,0.00115331,0.943926096,0.054920565
GPT-2,548,0.00459508,0.015400945,0.980003893
GPT-2,549,0.000490079,0.999393582,0.000116356
GPT-2,550,0.011208646,0.987610459,0.001180946
GPT-2,551,0.000490875,0.000413881,0.999095321
GPT-2,552,0.000338051,0.99941206,0.000249942
GPT-2,553,0.000397934,0.001749302,0.997852802
GPT-2,554,0.000674113,0.98536545,0.013960472
GPT-2,555,0.000974193,0.021265438,0.977760375
GPT-2,556,0.003100978,0.083848417,0.913050652
GPT-2,557,0.000652339,0.999238014,0.000109644
GPT-2,558,0.000542927,0.999343336,0.000113781
GPT-2,559,0.000836541,0.000424802,0.998738706
GPT-2,560,0.001716489,0.00158193,0.996701539
GPT-2,561,0.000681813,0.001573587,0.997744679
GPT-2,562,0.000523713,0.999364078,0.000112185
GPT-2,563,0.003290254,0.938498676,0.058211062
GPT-2,564,0.001253075,0.976959944,0.021786992
GPT-2,565,0.002555894,0.994539201,0.002904881
GPT-2,566,0.000625055,0.995882988,0.003491961
GPT-2,567,0.006018062,0.031218955,0.962762892
GPT-2,568,0.001845604,0.997027457,0.00112699
GPT-2,569,0.000462202,0.002182377,0.997355342
GPT-2,570,0.000636987,0.005569191,0.993793726
GPT-2,571,0.039553661,0.843157887,0.117288448
GPT-2,572,0.000556854,0.998505473,0.000937683
GPT-2,573,0.99851805,0.000286997,0.001194928
GPT-2,574,0.001148798,0.000932432,0.997918785
GPT-2,575,0.000275523,0.998681605,0.001042841
GPT-2,576,0.000957735,0.026375853,0.972666442
GPT-2,577,0.000749992,0.001156736,0.998093307
GPT-2,578,0.000506034,0.998518527,0.000975445
GPT-2,579,0.016880017,0.100883596,0.882236421
GPT-2,580,0.000902302,0.032704171,0.96639353
GPT-2,581,0.004039775,0.542019308,0.453940898
GPT-2,582,0.000544034,0.99933964,0.000116363
GPT-2,583,0.018506307,0.028358608,0.953135133
GPT-2,584,0.001683871,0.977555275,0.020760898
GPT-2,585,0.000711656,0.999152303,0.000136014
GPT-2,586,0.005437597,0.927180588,0.067381762
GPT-2,587,0.000558684,0.989925504,0.009515773
GPT-2,588,0.000573655,0.999177158,0.000249115
GPT-2,589,0.000360056,0.999360263,0.000279739
GPT-2,590,0.002933995,0.006511393,0.990554631
GPT-2,591,0.00057103,0.996105194,0.003323837
GPT-2,592,0.000301839,0.999301553,0.000396607
GPT-2,593,0.000634887,0.000695786,0.998669386
GPT-2,594,0.001140164,0.025646826,0.973212957
GPT-2,595,0.000505944,0.999027491,0.000466535
GPT-2,596,0.000744331,0.002052402,0.99720335
GPT-2,597,0.02872576,0.369754732,0.601519465
GPT-2,598,0.001945904,0.000332504,0.997721493
GPT-2,599,0.000673726,0.99341774,0.005908551
GPT-2,600,0.005737722,0.993898749,0.000363462
GPT-2,601,0.001419682,0.746999681,0.251580566
GPT-2,602,0.000730746,0.000405246,0.998864055
GPT-2,603,0.000320589,0.999444425,0.000234996
GPT-2,604,0.692647517,0.049543034,0.25780952
GPT-2,605,0.000688361,0.007319612,0.991992056
GPT-2,606,0.002656453,0.818467319,0.178876236
GPT-2,607,0.000867485,0.980015337,0.019117212
GPT-2,608,0.000651493,0.000690459,0.998658061
GPT-2,609,0.000674268,0.985598683,0.01372705
GPT-2,610,0.000523366,0.003975033,0.995501578
GPT-2,611,0.013125189,0.276524335,0.710350454
GPT-2,612,0.000573275,0.005485985,0.99394083
GPT-2,613,0.000384029,0.999005139,0.000610825
GPT-2,614,0.001177189,0.002000429,0.996822476
GPT-2,615,0.000302403,0.99947685,0.000220712
GPT-2,616,0.000526891,0.00307822,0.996394932
GPT-2,617,0.000311595,0.999485612,0.000202794
GPT-2,618,0.000550668,0.999341428,0.000107924
GPT-2,619,0.180989429,0.224116713,0.594893873
GPT-2,620,0.00627799,0.164214477,0.82950753
GPT-2,621,0.009392869,0.694363117,0.296243995
GPT-2,622,0.000597713,0.002227829,0.997174501
GPT-2,623,0.000398329,0.000542128,0.999059498
GPT-2,624,0.001649915,0.001262261,0.997087777
GPT-2,625,0.001293928,0.017343396,0.9813627
GPT-2,626,0.002594042,0.236270159,0.761135817
GPT-2,627,0.003046599,0.007332971,0.989620328
GPT-2,628,0.002545573,0.229075417,0.768379033
GPT-2,629,0.012274898,0.79917115,0.188553914
GPT-2,630,0.000478342,0.999405861,0.000115811
GPT-2,631,0.002120698,0.031883273,0.965996027
GPT-2,632,0.000475748,0.003696325,0.995827854
GPT-2,633,0.000371992,0.003587834,0.996040106
GPT-2,634,0.000772085,0.999038815,0.000189164
GPT-2,635,0.003661357,0.065854765,0.930483878
GPT-2,636,0.003248599,0.847418129,0.149333313
GPT-2,637,0.002271601,0.127657905,0.870070517
GPT-2,638,0.000404532,0.000588077,0.999007404
GPT-2,639,0.000466206,0.999386668,0.000147076
GPT-2,640,0.000540765,0.999346316,0.000112872
GPT-2,641,0.001516837,0.179014742,0.819468379
GPT-2,642,0.000431636,0.995518923,0.004049418
GPT-2,643,0.000899915,0.97118324,0.027916793
GPT-2,644,0.000518086,0.999370754,0.000111221
GPT-2,645,0.000353332,0.999098659,0.000547971
GPT-2,646,0.001632622,0.161302879,0.837064564
GPT-2,647,0.881550789,0.016950261,0.101498947
GPT-2,648,0.000812402,0.018168308,0.981019199
GPT-2,649,0.000334272,0.998654485,0.001011163
GPT-2,650,0.000497138,0.995189071,0.004313829
GPT-2,651,0.000995455,0.998476326,0.000528259
GPT-2,652,0.000430174,0.999397516,0.00017229
GPT-2,653,0.001555752,0.096459322,0.90198487
GPT-2,654,0.002233234,0.167214558,0.83055222
GPT-2,655,0.000665977,0.993133485,0.006200579
GPT-2,656,0.001736442,0.897002459,0.101261131
GPT-2,657,0.00121316,0.002916359,0.995870411
GPT-2,658,0.000283208,0.999487996,0.000228742
GPT-2,659,0.000556722,0.003128313,0.996315062
GPT-2,660,0.000382944,0.001987201,0.997629881
GPT-2,661,0.000304144,0.998562038,0.001133777
GPT-2,662,0.006216882,0.082427904,0.911355197
GPT-2,663,0.000579495,0.999306083,0.00011436
GPT-2,664,0.998022795,0.000335338,0.0016418
GPT-2,665,0.000782541,0.002412112,0.996805429
GPT-2,666,0.000407906,0.99796629,0.001625871
GPT-2,667,0.976471603,0.001196097,0.022332357
GPT-2,668,0.005068818,0.843970478,0.150960743
GPT-2,669,0.000404203,0.000673235,0.998922527
GPT-2,670,0.00047112,0.999399304,0.000129573
GPT-2,671,0.000555005,0.999215603,0.000229429
GPT-2,672,0.000527127,0.997066915,0.002405967
GPT-2,673,0.006917958,0.003107934,0.989974082
GPT-2,674,0.00822571,0.491160065,0.500614226
GPT-2,675,0.001362107,0.009859307,0.988778651
GPT-2,676,0.002279543,0.974965036,0.02275545
GPT-2,677,0.002305006,0.006138382,0.991556644
GPT-2,678,0.000462116,0.000365535,0.99917233
GPT-2,679,0.000464786,0.99941802,0.000117213
GPT-2,680,0.000624259,0.002809901,0.996565878
GPT-2,681,0.000523033,0.999360025,0.000116922
GPT-2,682,0.000683763,0.007946195,0.991369963
GPT-2,683,0.006650684,0.992153823,0.00119549
GPT-2,684,0.004703442,0.463801175,0.531495333
GPT-2,685,0.001637609,0.002775996,0.995586395
GPT-2,686,0.006193176,0.822859526,0.170947284
GPT-2,687,0.001054385,0.99860245,0.0003432
GPT-2,688,0.001986108,0.045930404,0.952083528
GPT-2,689,0.696254075,0.01726043,0.286485493
GPT-2,690,0.001120869,0.026315106,0.972564042
GPT-2,691,0.001961978,0.002234707,0.995803297
GPT-2,692,0.000628454,0.000386345,0.998985231
GPT-2,693,0.001952011,0.793759644,0.204288393
GPT-2,694,0.009999056,0.592113078,0.397887915
GPT-2,695,0.000549778,0.999335945,0.000114302
GPT-2,696,0.00066773,0.000576727,0.998755574
GPT-2,697,0.00050727,0.999005139,0.000487616
GPT-2,698,0.000490818,0.999358833,0.00015041
GPT-2,699,0.002768863,0.686286449,0.310944766
GPT-2,700,0.000651776,0.019335324,0.980012953
GPT-2,701,0.000413932,0.000699043,0.998887002
GPT-2,702,0.000629679,0.957792282,0.041578032
GPT-2,703,0.007252147,0.21692726,0.775820553
GPT-2,704,0.000490744,0.99939692,0.000112359
GPT-2,705,0.000621644,0.999157429,0.00022096
GPT-2,706,0.000521396,0.99936682,0.000111798
GPT-2,707,0.004285931,0.112928219,0.882785857
GPT-2,708,0.002245812,0.073058881,0.924695373
GPT-2,709,0.000992774,0.011858864,0.987148464
GPT-2,710,0.001148578,0.99873513,0.000116288
GPT-2,711,0.004941363,0.021103602,0.973954976
GPT-2,712,0.001654187,0.901488006,0.096857868
GPT-2,713,0.002331357,0.746839643,0.250829041
GPT-2,714,0.000668007,0.994218826,0.005113157
GPT-2,715,0.001894398,0.650596499,0.347509027
GPT-2,716,0.000564266,0.999327064,0.000108752
GPT-2,717,0.004999993,0.787702322,0.207297742
GPT-2,718,0.000455266,0.999380589,0.000164178
GPT-2,719,0.002710389,0.076612592,0.920677066
GPT-2,720,0.000744206,0.002827891,0.996427953
GPT-2,721,0.997615099,0.000342623,0.002042307
GPT-2,722,0.011325972,0.118037723,0.870636344
GPT-2,723,0.001133517,0.007703809,0.991162777
GPT-2,724,0.000451516,0.998834312,0.000714225
GPT-2,725,0.610072792,0.161968544,0.227958679
GPT-2,726,0.001265055,0.979438901,0.019296056
GPT-2,727,0.000527546,0.007799497,0.991672933
GPT-2,728,0.003369077,0.512743592,0.483887315
GPT-2,729,0.001787155,0.861869633,0.136343181
GPT-2,730,0.001914742,0.386292607,0.611792624
GPT-2,731,0.000469942,0.996295989,0.003234118
GPT-2,732,0.001945904,0.000332504,0.997721493
GPT-2,733,0.000533433,0.999355018,0.000111565
GPT-2,734,0.009510431,0.043697912,0.946791649
GPT-2,735,0.000282414,0.998896956,0.000820656
GPT-2,736,0.001618145,0.983364224,0.015017609
GPT-2,737,0.000355142,0.999416709,0.000228168
GPT-2,738,0.000630514,0.008019151,0.991350412
GPT-2,739,0.001654744,0.91045922,0.087886073
GPT-2,740,0.028643297,0.955781043,0.015575718
GPT-2,741,0.000909343,0.001373768,0.997716904
GPT-2,742,0.001466021,0.005227458,0.993306458
GPT-2,743,0.000871846,0.998882592,0.000245534
GPT-2,744,0.002831364,0.945723176,0.051445466
GPT-2,745,0.99944073,0.000281925,0.000277357
GPT-2,746,0.002538173,0.010501727,0.986960053
GPT-2,747,0.00105419,0.756804645,0.242141187
GPT-2,748,0.002003441,0.159681767,0.838314891
GPT-2,749,0.588476241,0.017907368,0.393616319
GPT-2,750,0.00444224,0.439090759,0.556466937
GPT-2,751,0.002626299,0.893860877,0.103512816
GPT-2,752,0.000523434,0.000407616,0.999068916
GPT-2,753,0.001646432,0.921571493,0.076782063
GPT-2,754,0.000514923,0.999099851,0.000385253
GPT-2,755,0.001212696,0.000621148,0.998166144
GPT-2,756,0.000408645,0.000817005,0.99877435
GPT-2,757,0.001253309,0.92777288,0.070973791
GPT-2,758,0.000353614,0.998078108,0.001568242
GPT-2,759,0.000340344,0.000696466,0.998963237
GPT-2,760,0.011094579,0.001050189,0.987855256
GPT-2,761,0.000616965,0.996961296,0.002421666
GPT-2,762,0.976428568,0.011702836,0.011868608
GPT-2,763,0.001484373,0.024251288,0.974264324
GPT-2,764,0.000480445,0.996898293,0.00262125
GPT-2,765,0.000293167,0.999445379,0.000261497
GPT-2,766,0.000310143,0.999385118,0.000304774
GPT-2,767,0.00039062,0.998977304,0.000632136
GPT-2,768,0.001723888,0.056837562,0.941438556
GPT-2,769,0.000540987,0.001801396,0.997657537
GPT-2,770,0.000515562,0.004319213,0.995165229
GPT-2,771,0.00047065,0.999414563,0.000114849
GPT-2,772,0.548722208,0.001579616,0.44969818
GPT-2,773,0.000578579,0.003968007,0.995453358
GPT-2,774,0.000400429,0.000477791,0.999121726
GPT-2,775,0.001897253,0.000296727,0.997806013
GPT-2,776,0.001179546,0.123100109,0.875720382
GPT-2,777,0.000531939,0.999359787,0.000108237
GPT-2,778,0.000524155,0.999018312,0.000457552
GPT-2,779,0.000682175,0.022302156,0.977015734
GPT-2,780,0.000680377,0.982134342,0.017185209
GPT-2,781,0.939598143,0.059988428,0.000413403
GPT-2,782,0.000527631,0.000282954,0.999189317
GPT-2,783,0.044537704,0.005291958,0.950170398
GPT-2,784,0.002648315,0.369365215,0.627986491
GPT-2,785,0.002002901,0.002655515,0.995341659
GPT-2,786,0.000492651,0.999392748,0.000114585
GPT-2,787,0.04690703,0.0073726,0.945720375
GPT-2,788,0.000406405,0.997410595,0.002182999
GPT-2,789,0.000572636,0.00364697,0.995780349
GPT-2,790,0.001056475,0.002138047,0.996805429
GPT-2,791,0.00060266,0.999217272,0.000180069
GPT-2,792,0.00046704,0.999415398,0.000117528
GPT-2,793,0.000973774,0.997995615,0.001030639
GPT-2,794,0.000647555,0.008643515,0.990708947
GPT-2,795,0.000437876,0.002225782,0.997336328
GPT-2,796,0.000411951,0.998616338,0.000971658
GPT-2,797,0.016823921,0.002199076,0.980976999
GPT-2,798,0.555118024,0.068957597,0.375924349
GPT-2,799,0.000463646,0.999423027,0.000113392
GPT-2,800,0.000526118,0.988838911,0.01063503
GPT-2,801,0.001471515,0.907718241,0.090810284
GPT-2,802,0.000416641,0.999375045,0.000208349
GPT-2,803,0.000491417,0.999378562,0.000129949
GPT-2,804,0.002079826,0.00029698,0.997623265
GPT-2,805,0.002298146,0.506326377,0.491375476
GPT-2,806,0.001631067,0.070374839,0.927994072
GPT-2,807,0.001677352,0.031746078,0.966576576
GPT-2,808,0.000615498,0.999202073,0.000182416
GPT-2,809,0.002174028,0.015734212,0.982091725
GPT-2,810,0.000473255,0.999340594,0.000186151
GPT-2,811,0.000420892,0.99527657,0.004302517
GPT-2,812,0.054604452,0.00975902,0.935636461
GPT-2,813,0.000371102,0.998161256,0.001467711
GPT-2,814,0.000639293,0.99857223,0.000788516
GPT-2,815,0.004566573,0.987398028,0.008035401
GPT-2,816,0.000492788,0.002343968,0.997163117
GPT-2,817,0.00053014,0.999362409,0.000107425
GPT-2,818,0.933001697,0.062081024,0.004917286
GPT-2,819,0.000343729,0.99872762,0.000928681
GPT-2,820,0.000581029,0.987221539,0.012197465
GPT-2,821,0.001574792,0.998271108,0.00015408
GPT-2,822,0.002791525,0.000240139,0.996968329
GPT-2,823,0.001178025,0.001557467,0.997264504
GPT-2,824,0.000596152,0.991231143,0.008172717
GPT-2,825,0.000419038,0.00208784,0.997493148
GPT-2,826,0.002196755,0.008677486,0.989125848
GPT-2,827,0.001003266,0.036198277,0.962798476
GPT-2,828,0.000587485,0.997101486,0.002311029
GPT-2,829,0.000288755,0.998572469,0.00113878
GPT-2,830,0.001383911,0.00072998,0.997886121
GPT-2,831,0.000843884,0.022377836,0.976778269
GPT-2,832,0.982144833,0.000557053,0.017298074
GPT-2,833,0.000350737,0.998473465,0.001175789
GPT-2,834,0.007913689,0.638968766,0.353117526
GPT-2,835,0.000475386,0.001354586,0.998170018
GPT-2,836,0.000350555,0.999025226,0.000624214
GPT-2,837,0.000436621,0.999438703,0.00012462
GPT-2,838,0.000651364,0.990999997,0.008348579
GPT-2,839,0.000533299,0.000818463,0.998648226
GPT-2,840,0.000335862,0.999177039,0.000487117
GPT-2,841,0.000508564,0.999376476,0.000115033
GPT-2,842,0.078707539,0.918769181,0.002523261
GPT-2,843,0.000499156,0.999357879,0.00014293
GPT-2,844,0.001421243,0.791858613,0.206720173
GPT-2,845,0.002326281,0.290159255,0.707514465
GPT-2,846,0.000607417,0.990824223,0.008568386
GPT-2,847,0.001089356,0.000810293,0.99810034
GPT-2,848,0.001072544,0.000351386,0.998576045
GPT-2,849,0.00051444,0.988615274,0.010870268
GPT-2,850,0.00036644,0.999375641,0.000257994
GPT-2,851,0.000988412,0.005546972,0.993464649
GPT-2,852,0.129755288,0.048019409,0.822225213
GPT-2,853,0.005067056,0.013057433,0.981875479
GPT-2,854,0.00502314,0.004599286,0.990377605
GPT-2,855,0.003211698,0.002327871,0.994460464
GPT-2,856,0.053152367,0.838919878,0.107927725
GPT-2,857,0.000420695,0.000587863,0.99899143
GPT-2,858,0.000498621,0.999388337,0.000113009
GPT-2,859,0.000500901,0.995776117,0.003722986
GPT-2,860,0.0007257,0.000591116,0.998683155
GPT-2,861,0.000871865,0.958169937,0.040958215
GPT-2,862,0.000362382,0.999481976,0.000155695
GPT-2,863,0.006988229,0.311859101,0.681152701
GPT-2,864,0.000342861,0.998934686,0.000722499
GPT-2,865,0.000439344,0.999413252,0.000147404
GPT-2,866,0.004728721,0.07468532,0.92058599
GPT-2,867,0.000383932,0.997322023,0.002294038
GPT-2,868,0.427639961,0.571330249,0.001029804
GPT-2,869,0.000328378,0.00133711,0.998334587
GPT-2,870,0.000553093,0.99903059,0.000416311
GPT-2,871,0.000379997,0.001417674,0.998202324
GPT-2,872,0.000739741,0.000724525,0.998535752
GPT-2,873,0.001009556,0.97325474,0.025735773
GPT-2,874,0.000352838,0.999478042,0.000169109
GPT-2,875,0.178944334,0.082245767,0.738809884
GPT-2,876,0.000395066,0.000503363,0.999101639
GPT-2,877,0.000496699,0.000925145,0.998578072
GPT-2,878,0.002517476,0.037892975,0.95958966
GPT-2,879,0.000487901,0.001050937,0.998461246
GPT-2,880,0.001442489,0.997393847,0.001163599
GPT-2,881,0.000816801,0.002116616,0.997066557
GPT-2,882,0.002598809,0.743895948,0.25350523
GPT-2,883,0.000321085,0.999294281,0.000384656
GPT-2,884,0.00065242,0.999161124,0.000186425
GPT-2,885,0.000563846,0.999318361,0.000117779
GPT-2,886,0.002253029,0.992118716,0.005628217
GPT-2,887,0.001824071,0.894299865,0.103876002
GPT-2,888,0.000568637,0.99438864,0.005042705
GPT-2,889,0.000979164,0.030647574,0.968373239
GPT-2,890,0.002999225,0.001537364,0.995463431
GPT-2,891,0.000303217,0.999499559,0.000197163
GPT-2,892,0.000850768,0.00106966,0.998079658
GPT-2,893,0.783027887,0.006064944,0.210907221
GPT-2,894,0.000542859,0.999203384,0.000253772
GPT-2,895,0.001940676,0.037749983,0.960309386
GPT-2,896,0.000407486,0.999369681,0.000222839
GPT-2,897,0.000411256,0.001896351,0.997692347
GPT-2,898,0.060755815,0.00943183,0.929812431
GPT-2,899,0.00066435,0.983976245,0.015359432
GPT-2,900,0.002052297,0.997819901,0.000127757
GPT-2,901,0.001067328,0.989913106,0.009019594
GPT-2,902,0.004661285,0.031576507,0.963762164
GPT-2,903,0.00050562,0.999186695,0.000307661
GPT-2,904,0.002303245,0.134268463,0.863428295
GPT-2,905,0.000495049,0.999393225,0.000111673
GPT-2,906,0.000928946,0.004902929,0.994168162
GPT-2,907,0.000472606,0.999407887,0.000119463
GPT-2,908,0.000386371,0.999326587,0.000287117
GPT-2,909,0.002585641,0.030562447,0.96685189
GPT-2,910,0.000855165,0.09698794,0.90215683
GPT-2,911,0.001397612,0.039131928,0.959470451
GPT-2,912,0.000407396,0.001470709,0.998121917
GPT-2,913,0.001246779,0.134019896,0.864733279
GPT-2,914,0.004751555,0.893505812,0.101742662
GPT-2,915,0.000460493,0.00133477,0.998204708
GPT-2,916,0.06804727,0.095000632,0.836952031
GPT-2,917,0.817454219,0.121300295,0.061245494
GPT-2,918,0.000407908,0.000443015,0.999149084
GPT-2,919,0.069037482,0.929562509,0.001400049
GPT-2,920,0.007917799,0.000442664,0.991639555
GPT-2,921,0.002386322,0.073179826,0.924433887
GPT-2,922,0.000345203,0.999515533,0.000139309
GPT-2,923,0.000664304,0.9991979,0.000137769
GPT-2,924,0.000403384,0.000867021,0.998729646
GPT-2,925,0.000727787,0.000533879,0.998738348
GPT-2,926,0.003082329,0.472744226,0.524173439
GPT-2,927,0.000809993,0.006370698,0.99281925
GPT-2,928,0.000481578,0.000905908,0.998612523
GPT-2,929,0.002133286,0.966968656,0.030898018
GPT-2,930,0.000542014,0.003891597,0.995566428
GPT-2,931,0.012615516,0.689655066,0.297729403
GPT-2,932,0.000534008,0.001990336,0.997475684
GPT-2,933,0.056835599,0.27289024,0.670274258
GPT-2,934,0.022445135,0.008347957,0.969206929
GPT-2,935,0.000468236,0.998848081,0.000683676
GPT-2,936,0.000414735,0.998696625,0.000888725
GPT-2,937,0.00961342,0.883106768,0.107279845
GPT-2,938,0.003429525,0.501042902,0.495527595
GPT-2,939,0.001035241,0.001079241,0.997885406
GPT-2,940,0.000505164,0.988356888,0.011137969
GPT-2,941,0.386128902,0.608252466,0.005618692
GPT-2,942,0.001799731,0.043448392,0.954751849
GPT-2,943,0.000557562,0.005630985,0.993811548
GPT-2,944,0.000432695,0.9990201,0.000547256
GPT-2,945,0.00126965,0.996311605,0.002418747
GPT-2,946,0.000852047,0.009850068,0.989297867
GPT-2,947,0.000465137,0.000907495,0.998627424
GPT-2,948,0.000310257,0.9994542,0.000235554
GPT-2,949,0.001706325,0.189911246,0.808382332
GPT-2,950,0.000340986,0.999383211,0.000275834
GPT-2,951,0.309948504,0.097845703,0.592205763
GPT-2,952,0.001051494,0.022202834,0.976745665
GPT-2,953,0.00260184,0.94218272,0.055215485
GPT-2,954,0.000968768,0.019953065,0.979078233
GPT-2,955,0.992005527,0.000303567,0.007690894
GPT-2,956,0.99933064,0.000177005,0.000492405
GPT-2,957,0.000487868,0.001690843,0.997821331
GPT-2,958,0.915076911,0.008592438,0.07633061
GPT-2,959,0.003903094,0.000262098,0.995834827
GPT-2,960,0.000324471,0.998534083,0.00114149
GPT-2,961,0.002391136,0.735064268,0.262544543
GPT-2,962,0.000605342,0.000565383,0.998829305
GPT-2,963,0.000523471,0.002394888,0.997081578
GPT-2,964,0.037307009,0.010064241,0.952628791
GPT-2,965,0.000249173,0.999281228,0.000469667
GPT-2,966,0.948446035,0.021628805,0.029925125
GPT-2,967,0.000716664,0.991750419,0.007532897
GPT-2,968,0.004539417,0.387145013,0.608315647
GPT-2,969,0.000358776,0.9989537,0.000687469
GPT-2,970,0.000287524,0.001616139,0.998096287
GPT-2,971,0.014773781,0.883060336,0.102165833
GPT-2,972,0.000823514,0.988000572,0.01117597
GPT-2,973,0.000388277,0.999131024,0.000480711
GPT-2,974,0.001497012,0.24051325,0.757989824
GPT-2,975,0.000592461,0.008827198,0.99058038
GPT-2,976,0.000863605,0.000402244,0.998734057
GPT-2,977,0.000275252,0.999089599,0.000635114
GPT-2,978,0.000475468,0.999405622,0.000118943
GPT-2,979,0.001254783,0.024118837,0.974626362
GPT-2,980,0.001330344,0.080018334,0.918651342
GPT-2,981,0.000412662,0.001978736,0.997608542
GPT-2,982,0.013949161,0.000503593,0.985547304
GPT-2,983,0.000360427,0.999397755,0.000241836
GPT-2,984,0.000386937,0.998936117,0.000677
GPT-2,985,0.000551616,0.999337137,0.000111215
GPT-2,986,0.000285557,0.999452531,0.000261926
GPT-2,987,0.000674424,0.000906517,0.998419166
GPT-2,988,0.000286498,0.999524117,0.000189405
GPT-2,989,0.009283767,0.00100303,0.989713311
GPT-2,990,0.000773004,0.004690226,0.994536757
GPT-2,991,0.000546764,0.001028433,0.998424768
GPT-2,992,0.000406534,0.001412307,0.998181224
GPT-2,993,0.014219292,0.000611806,0.985168934
GPT-2,994,0.000449031,0.000727524,0.998823464
GPT-2,995,0.000344354,0.999351442,0.000304239
GPT-2,996,0.00098855,0.998884618,0.000126826
GPT-2,997,0.714657664,0.193378419,0.091963954
GPT-2,998,0.000527738,0.999324799,0.0001475
GPT-2,999,0.01104019,0.003112159,0.985847712
GPT-2,1000,0.00042305,0.99910295,0.000474001
GPT-2,1001,0.00046291,0.999410868,0.000126211
GPT-2,1002,0.000913396,0.995807528,0.003279092
GPT-2,1003,0.000881231,0.013708711,0.985409975
GPT-2,1004,0.00039514,0.000433301,0.999171615
GPT-2,1005,0.000478143,0.00318586,0.996335983
GPT-2,1006,0.00150848,0.901405454,0.097086102
GPT-2,1007,0.000880194,0.99900049,0.000119293
GPT-2,1008,0.006636203,0.658626139,0.334737688
GPT-2,1009,0.000467263,0.996912956,0.00261973
GPT-2,1010,0.00230782,0.097200513,0.900491595
GPT-2,1011,0.016790103,0.001176087,0.982033849
GPT-2,1012,0.002617554,0.993118763,0.004263665
GPT-2,1013,0.00052916,0.999357045,0.000113776
GPT-2,1014,0.001478307,0.914012134,0.084509492
GPT-2,1015,0.002807426,0.047017232,0.950175345
GPT-2,1016,0.001154366,0.00230005,0.996545613
GPT-2,1017,0.000297903,0.998632967,0.001069119
GPT-2,1018,0.002059252,0.001320751,0.99661994
GPT-2,1019,0.000604314,0.0011093,0.998286426
GPT-2,1020,0.003423127,0.36937204,0.627204776
GPT-2,1021,0.000322695,0.996947348,0.00272997
GPT-2,1022,0.001691178,0.654265761,0.344043106
GPT-2,1023,0.001223376,0.028448861,0.970327795
GPT-2,1024,0.00044305,0.002049087,0.997507811
GPT-2,1025,0.000388619,0.998598754,0.001012635
GPT-2,1026,0.188281327,0.001764559,0.809954107
GPT-2,1027,0.016034884,0.002434116,0.981531024
GPT-2,1028,0.007850352,0.000903849,0.991245806
GPT-2,1029,0.000684807,0.014420614,0.984894574
GPT-2,1030,0.002980883,0.393709987,0.603309155
GPT-2,1031,0.00060827,0.002670602,0.996721208
GPT-2,1032,0.000588515,0.002075712,0.997335732
GPT-2,1033,0.000898908,0.019340284,0.979760885
GPT-2,1034,0.000482594,0.999397993,0.000119404
GPT-2,1035,0.000362585,0.999112904,0.00052447
GPT-2,1036,0.000291325,0.999180138,0.000528556
GPT-2,1037,0.000835924,0.001155143,0.998009026
GPT-2,1038,0.00105952,0.987067044,0.011873429
GPT-2,1039,0.000580372,0.002499724,0.99691987
GPT-2,1040,0.000592836,0.00081812,0.998588979
GPT-2,1041,0.000331073,0.99932456,0.000344421
GPT-2,1042,0.000385653,0.999464571,0.000149764
GPT-2,1043,0.00043415,0.999445975,0.000119828
GPT-2,1044,0.000387594,0.997351527,0.002260871
GPT-2,1045,0.000261868,0.999333084,0.000405045
GPT-2,1046,0.00838922,0.987409651,0.004201136
GPT-2,1047,0.001464729,0.016396716,0.982138634
GPT-2,1048,0.000484207,0.99940753,0.000108254
GPT-2,1049,0.000375685,0.99947685,0.000147451
GPT-2,1050,0.000865599,0.992967248,0.006167193
GPT-2,1051,0.000346702,0.999198854,0.000454449
GPT-2,1052,0.000570848,0.999311209,0.000117937
GPT-2,1053,0.001990269,0.002785895,0.99522382
GPT-2,1054,0.000602217,0.000741747,0.998655915
GPT-2,1055,0.000485897,0.99931407,0.000200066
GPT-2,1056,0.000555394,0.988892019,0.010552538
GPT-2,1057,0.000312653,0.999258935,0.0004284
GPT-2,1058,0.000527377,0.999360979,0.000111594
GPT-2,1059,0.000425378,0.999016881,0.000557678
GPT-2,1060,0.998397529,0.000290351,0.001312063
GPT-2,1061,0.000406537,0.999422193,0.000171311
GPT-2,1062,0.000742444,0.000597887,0.99865973
GPT-2,1063,0.000360108,0.999395251,0.000244641
GPT-2,1064,0.001061316,0.038477659,0.96046114
GPT-2,1065,0.001055384,0.018815471,0.980129063
GPT-2,1066,0.000839899,0.986221969,0.012938077
GPT-2,1067,0.027906146,0.029263217,0.942830682
GPT-2,1068,0.000486375,0.000962334,0.998551309
GPT-2,1069,0.000564836,0.99619019,0.003245
GPT-2,1070,0.000540364,0.999345005,0.000114567
GPT-2,1071,0.000309169,0.999283373,0.000407435
GPT-2,1072,0.000428877,0.000565784,0.999005377
GPT-2,1073,0.000486319,0.998330653,0.001183082
GPT-2,1074,0.000335479,0.99947077,0.000193733
GPT-2,1075,0.000332206,0.998756766,0.000910993
GPT-2,1076,0.001655668,0.998228729,0.00011565
GPT-2,1077,0.002593466,0.03817407,0.959232509
GPT-2,1078,0.000405892,0.995751381,0.003842744
GPT-2,1079,0.227512181,0.035001129,0.73748678
GPT-2,1080,0.000391012,0.000922392,0.998686612
GPT-2,1081,0.001023157,0.032975491,0.966001332
GPT-2,1082,0.000488075,0.999395847,0.000116054
GPT-2,1083,0.000563458,0.002804747,0.996631801
GPT-2,1084,0.000451084,0.999415278,0.000133657
GPT-2,1085,0.00052792,0.996596992,0.002875089
GPT-2,1086,0.000404489,0.999255598,0.000339859
GPT-2,1087,0.000521385,0.995467424,0.004011196
GPT-2,1088,0.000501729,0.999244213,0.000254086
GPT-2,1089,0.001161716,0.000856782,0.997981429
GPT-2,1090,0.001252056,0.029005632,0.969742239
GPT-2,1091,0.000400632,0.000569499,0.999029875
GPT-2,1092,0.001949929,0.000485311,0.997564793
GPT-2,1093,0.007544023,0.002894459,0.989561498
GPT-2,1094,0.995223582,0.000536186,0.004240366
GPT-2,1095,0.000998735,0.024220839,0.974780381
GPT-2,1096,0.001818914,0.800353706,0.197827339
GPT-2,1097,0.00092266,0.995406985,0.003670359
GPT-2,1098,0.005220403,0.740900815,0.253878772
GPT-2,1099,0.001372035,0.001471671,0.997156382
GPT-2,1100,0.999266446,0.00030786,0.000425793
GPT-2,1101,0.00119043,0.000654685,0.998154819
GPT-2,1102,0.000421164,0.998206377,0.00137241
GPT-2,1103,0.00099881,0.060434468,0.938566685
GPT-2,1104,0.00054939,0.999337614,0.000113018
GPT-2,1105,0.001758163,0.240967765,0.757274091
GPT-2,1106,0.024842056,0.010062421,0.96509546
GPT-2,1107,0.002166021,0.98123014,0.016603887
GPT-2,1108,0.000444399,0.998280644,0.001274937
GPT-2,1109,0.000641613,0.000662452,0.998696029
GPT-2,1110,0.000329228,0.99928695,0.0003839
GPT-2,1111,0.000418635,0.999330878,0.000250505
GPT-2,1112,0.001674858,0.031433206,0.966891885
GPT-2,1113,0.001688943,0.005655291,0.992655754
GPT-2,1114,0.000455051,0.000698744,0.998846173
GPT-2,1115,0.004435939,0.115190826,0.88037324
GPT-2,1116,0.000507064,0.999348342,0.000144594
GPT-2,1117,0.000424876,0.99944967,0.0001254
GPT-2,1118,0.02083482,0.976640105,0.002525129
GPT-2,1119,0.000320581,0.997930527,0.001748862
GPT-2,1120,0.000569328,0.000685471,0.998745203
GPT-2,1121,0.000462147,0.999420881,0.000116975
GPT-2,1122,0.001605016,0.311459005,0.686935961
GPT-2,1123,0.000498456,0.999181807,0.000319674
GPT-2,1124,0.000811162,0.010164935,0.989023924
GPT-2,1125,0.000279875,0.999288678,0.000431403
GPT-2,1126,0.001837307,0.000953274,0.99720937
GPT-2,1127,0.00156317,0.927670181,0.070766687
GPT-2,1128,0.002508679,0.594360232,0.403131127
GPT-2,1129,0.000504137,0.000437445,0.999058425
GPT-2,1130,0.001251227,0.978842854,0.019905882
GPT-2,1131,0.000528658,0.999352515,0.000118771
GPT-2,1132,0.000537092,0.001633764,0.997829139
GPT-2,1133,0.002041468,0.713927388,0.284031123
GPT-2,1134,0.001233412,0.954802275,0.043964379
GPT-2,1135,0.999021173,0.000398955,0.000579881
GPT-2,1136,0.000540334,0.000352658,0.999106944
GPT-2,1137,0.000633565,0.999234796,0.000131619
GPT-2,1138,0.001599105,0.004118882,0.994282126
GPT-2,1139,0.000672784,0.000563069,0.998764157
GPT-2,1140,0.001623311,0.587667167,0.41070953
GPT-2,1141,0.017425193,0.002342682,0.98023212
GPT-2,1142,0.002898359,0.155204162,0.841897547
GPT-2,1143,0.00056563,0.000561696,0.998872697
GPT-2,1144,0.000453095,0.000498596,0.999048293
GPT-2,1145,0.000531326,0.001022437,0.998446286
GPT-2,1146,0.004081974,0.166547313,0.829370618
GPT-2,1147,0.985833168,0.004171152,0.009995664
GPT-2,1148,0.000490708,0.999394536,0.000114711
GPT-2,1149,0.000295357,0.999493837,0.000210753
GPT-2,1150,0.003133588,0.378075927,0.618790567
GPT-2,1151,0.001236061,0.830159664,0.168604285
GPT-2,1152,0.000573019,0.00094626,0.998480737
GPT-2,1153,0.000900927,0.000266689,0.998832405
GPT-2,1154,0.315363258,0.04026445,0.644372284
GPT-2,1155,0.002527,0.002411755,0.995061219
GPT-2,1156,0.001201013,0.036865294,0.961933672
GPT-2,1157,0.000988498,0.011886661,0.98712486
GPT-2,1158,0.004993273,0.020060113,0.974946558
GPT-2,1159,0.000918076,0.022184871,0.976897061
GPT-2,1160,0.000656581,0.994483769,0.004859653
GPT-2,1161,0.000390449,0.992610037,0.006999489
GPT-2,1162,0.000826128,0.991366923,0.00780696
GPT-2,1163,0.675254762,0.000568367,0.324176878
GPT-2,1164,0.000503847,0.999373138,0.000123077
GPT-2,1165,0.003556566,0.992303789,0.004139592
GPT-2,1166,0.002291709,0.000700676,0.997007668
GPT-2,1167,0.001089303,0.053378753,0.945531905
GPT-2,1168,0.001030953,0.001691205,0.997277796
GPT-2,1169,0.001590054,0.99789387,0.000516081
GPT-2,1170,0.000722977,0.999115407,0.000161593
GPT-2,1171,0.975415885,0.009109915,0.01547415
GPT-2,1172,0.000475703,0.999401808,0.000122499
GPT-2,1173,0.000464255,0.999417305,0.00011846
GPT-2,1174,0.000850259,0.000350554,0.998799205
GPT-2,1175,0.00686835,0.001735836,0.991395772
GPT-2,1176,0.000531728,0.999356091,0.000112214
GPT-2,1177,0.000308019,0.999484777,0.000207205
GPT-2,1178,0.891232491,0.103575207,0.005192304
GPT-2,1179,0.001737406,0.051337488,0.946925104
GPT-2,1180,0.003052786,0.776703238,0.220243946
GPT-2,1181,0.002206262,0.660345376,0.337448329
GPT-2,1182,0.000467188,0.999410272,0.000122522
GPT-2,1183,0.001682835,0.005730598,0.992586553
GPT-2,1184,0.000711385,0.000818525,0.998470008
GPT-2,1185,0.00038397,0.999298692,0.000317382
GPT-2,1186,0.000421731,0.999028325,0.000549966
GPT-2,1187,0.000297663,0.999507904,0.000194473
GPT-2,1188,0.000800426,0.999053538,0.000146017
GPT-2,1189,0.000524533,0.999365747,0.000109778
GPT-2,1190,0.000630104,0.998252451,0.001117404
GPT-2,1191,0.001652009,0.522597373,0.475750625
GPT-2,1192,0.00180678,0.0003213,0.997871876
GPT-2,1193,0.000310495,0.999413371,0.000276165
GPT-2,1194,0.001061543,0.982222915,0.016715569
GPT-2,1195,0.000700442,0.998910785,0.000388808
GPT-2,1196,0.000475987,0.000541353,0.998982608
GPT-2,1197,0.002595074,0.877652705,0.119752228
GPT-2,1198,0.001258338,0.817560315,0.181181341
GPT-2,1199,0.003938793,0.109357014,0.886704147
GPT-2,1200,0.000409043,0.001123479,0.998467386
GPT-2,1201,0.000364859,0.000836943,0.998798251
GPT-2,1202,0.000564758,0.999315619,0.000119636
GPT-2,1203,0.007868276,0.264444143,0.727687538
GPT-2,1204,0.000842433,0.999032617,0.00012496
GPT-2,1205,0.001196804,0.000253116,0.998550117
GPT-2,1206,0.004841461,0.101477839,0.893680692
GPT-2,1207,0.001044759,0.005093055,0.993862271
GPT-2,1208,0.000593814,0.000587839,0.998818338
GPT-2,1209,0.583412647,0.301012903,0.115574427
GPT-2,1210,0.000483056,0.000824713,0.998692334
GPT-2,1211,0.00447183,0.001427553,0.99410063
GPT-2,1212,0.002640309,0.00033753,0.997022092
GPT-2,1213,0.003168254,0.991714895,0.00511683
GPT-2,1214,0.000395137,0.00060375,0.999001086
GPT-2,1215,0.000349713,0.000490915,0.999159336
GPT-2,1216,0.000455266,0.999380589,0.000164178
GPT-2,1217,0.000460895,0.99941206,0.000127109
GPT-2,1218,0.460946292,0.517344654,0.02170901
GPT-2,1219,0.002653936,0.890120506,0.107225537
GPT-2,1220,0.001712097,0.450890452,0.547397494
GPT-2,1221,0.000432123,0.997222185,0.002345688
GPT-2,1222,0.93265909,0.001591283,0.065749645
GPT-2,1223,0.000829125,0.003763305,0.995407522
GPT-2,1224,0.00178126,0.072240785,0.925977886
GPT-2,1225,0.005964342,0.001476745,0.992558837
GPT-2,1226,0.002189358,0.586527288,0.411283344
GPT-2,1227,0.000430503,0.000596059,0.998973489
GPT-2,1228,0.000634222,0.976335347,0.023030424
GPT-2,1229,0.000550573,0.001279151,0.998170257
GPT-2,1230,0.000791332,0.002934571,0.996274114
GPT-2,1231,0.00060441,0.999250233,0.000145344
GPT-2,1232,0.001365118,0.910122871,0.088512018
GPT-2,1233,0.000390458,0.999230385,0.000379216
GPT-2,1234,0.001310489,0.045533136,0.953156471
GPT-2,1235,0.000964192,0.99129492,0.007740943
GPT-2,1236,0.000534726,0.999264896,0.000200394
GPT-2,1237,0.001886703,0.585758209,0.412355036
GPT-2,1238,0.000623144,0.99924624,0.000130699
GPT-2,1239,0.000781555,0.016000532,0.983217955
GPT-2,1240,0.002715822,0.048368383,0.948915899
GPT-2,1241,0.000393235,0.999400496,0.000206261
GPT-2,1242,0.002134336,0.983363748,0.014501966
GPT-2,1243,0.002376274,0.883695245,0.11392846
GPT-2,1244,0.000577231,0.999299884,0.000122852
GPT-2,1245,0.002500611,0.091559812,0.905939579
GPT-2,1246,0.001222074,0.00211053,0.996667325
GPT-2,1247,0.00672928,0.001685312,0.991585493
GPT-2,1248,0.000590181,0.994406462,0.005003328
GPT-2,1249,0.001449722,0.964958906,0.033591382
GPT-2,1250,0.002111348,0.759975612,0.237913027
GPT-2,1251,0.000386868,0.999430716,0.000182338
GPT-2,1252,0.046139207,0.952747464,0.001113366
GPT-2,1253,0.000780624,0.018099494,0.981119931
GPT-2,1254,0.000562261,0.999330282,0.000107445
GPT-2,1255,0.001198545,0.986400843,0.012400594
GPT-2,1256,0.000484049,0.000425239,0.999090791
GPT-2,1257,0.000460937,0.000917351,0.998621702
GPT-2,1258,0.000421987,0.000709107,0.998868883
GPT-2,1259,0.014184007,0.000737878,0.985078096
GPT-2,1260,0.001165725,0.937846243,0.060988024
GPT-2,1261,0.004529062,0.993732274,0.001738689
GPT-2,1262,0.000530687,0.000360584,0.999108732
GPT-2,1263,0.003485429,0.557029486,0.439485103
GPT-2,1264,0.015525704,0.000660483,0.983813763
GPT-2,1265,0.001780612,0.99792105,0.00029841
GPT-2,1266,0.000382302,0.999407887,0.000209839
GPT-2,1267,0.001684562,0.967105031,0.031210417
GPT-2,1268,0.000545281,0.001369099,0.998085618
GPT-2,1269,0.003355589,0.393964827,0.60267961
GPT-2,1270,0.0008408,0.00282345,0.996335745
GPT-2,1271,0.000326472,0.999392748,0.000280772
GPT-2,1272,0.001227586,0.096671917,0.902100503
GPT-2,1273,0.987720549,0.000301604,0.011977879
GPT-2,1274,0.000459616,0.001211607,0.998328745
GPT-2,1275,0.001194692,0.000529429,0.998275876
GPT-2,1276,0.002342269,0.157461882,0.840195894
GPT-2,1277,0.000359913,0.996535778,0.003104268
GPT-2,1278,0.000313298,0.999477804,0.000208934
GPT-2,1279,0.000637181,0.002373656,0.996989191
GPT-2,1280,0.000309342,0.99830699,0.001383605
GPT-2,1281,0.000403595,0.999017358,0.000579018
GPT-2,1282,0.001691178,0.654265761,0.344043106
GPT-2,1283,0.000613675,0.000955355,0.998430908
GPT-2,1284,0.631528199,0.364112467,0.004359348
GPT-2,1285,0.000342649,0.999435484,0.000221849
GPT-2,1286,0.000384379,0.99867636,0.000939199
GPT-2,1287,0.000831214,0.010608806,0.988560021
GPT-2,1288,0.001636802,0.965461493,0.032901708
GPT-2,1289,0.024530014,0.016964162,0.958505809
GPT-2,1290,0.00055668,0.999327779,0.000115602
GPT-2,1291,0.148284331,0.012183813,0.839531839
GPT-2,1292,0.000509406,0.99860698,0.000883651
GPT-2,1293,0.001293128,0.127107874,0.871598899
GPT-2,1294,0.078922018,0.046644606,0.874433339
GPT-2,1295,0.009028214,0.000671411,0.990300417
GPT-2,1296,0.000376334,0.999003351,0.000620351
GPT-2,1297,0.001139731,0.011026852,0.987833381
GPT-2,1298,0.00106071,0.002062789,0.996876478
GPT-2,1299,0.319393724,0.052435398,0.628170907
GPT-2,1300,0.002458177,0.68950069,0.308041155
GPT-2,1301,0.000643638,0.014859135,0.984497309
GPT-2,1302,0.001479169,0.90790087,0.090619966
GPT-2,1303,0.000500412,0.999368966,0.000130588
GPT-2,1304,0.014332293,0.772319198,0.213348553
GPT-2,1305,0.000440587,0.997877479,0.001681993
GPT-2,1306,0.000818035,0.001189888,0.997992039
GPT-2,1307,0.000445395,0.001191267,0.998363435
GPT-2,1308,0.000449875,0.005407521,0.994142592
GPT-2,1309,0.663031399,0.002288819,0.334679812
GPT-2,1310,0.999218941,0.00050384,0.000277138
GPT-2,1311,0.003407553,0.898959875,0.097632572
GPT-2,1312,0.232474506,0.000643617,0.766881883
GPT-2,1313,0.046614014,0.005739659,0.94764632
GPT-2,1314,0.001117261,0.088617459,0.910265267
GPT-2,1315,0.008560082,0.989799857,0.00164014
GPT-2,1316,0.002188911,0.82292521,0.174885854
GPT-2,1317,0.003066742,0.270018697,0.726914585
GPT-2,1318,0.000535923,0.998063266,0.00140075
GPT-2,1319,0.002436265,0.792464554,0.205099225
GPT-2,1320,0.000633652,0.000376004,0.998990357
GPT-2,1321,0.000484788,0.002173769,0.997341335
GPT-2,1322,0.001426055,0.077553317,0.921020627
GPT-2,1323,0.000907723,0.011511325,0.987581015
GPT-2,1324,0.000405006,0.000914755,0.998680174
GPT-2,1325,0.000519285,0.999369323,0.00011139
GPT-2,1326,0.074061967,0.664379656,0.261558354
GPT-2,1327,0.002011258,0.9978562,0.000132539
GPT-2,1328,0.001729432,0.989369154,0.008901422
GPT-2,1329,0.000446958,0.001544215,0.998008788
GPT-2,1330,0.001174634,0.926814079,0.072011262
GPT-2,1331,0.000336011,0.999004304,0.000659732
GPT-2,1332,0.000500759,0.003473203,0.996026039
GPT-2,1333,0.000374777,0.997355461,0.002269828
GPT-2,1334,0.087614685,0.911829591,0.000555661
GPT-2,1335,0.000422154,0.997571647,0.002006169
GPT-2,1336,0.00036451,0.998577833,0.001057643
GPT-2,1337,0.000574288,0.001233912,0.998191774
GPT-2,1338,0.000550983,0.000329847,0.999119222
GPT-2,1339,0.000611168,0.003533949,0.995854914
GPT-2,1340,0.000717157,0.000368882,0.998914003
GPT-2,1341,0.983542442,0.001249516,0.015208094
GPT-2,1342,0.000508217,0.999380589,0.000111199
GPT-2,1343,0.000372032,0.999467313,0.000160658
GPT-2,1344,0.000532977,0.976080179,0.023386871
GPT-2,1345,0.000565069,0.999322653,0.000112352
GPT-2,1346,0.001643653,0.00764133,0.990715027
GPT-2,1347,0.000952973,0.001246921,0.997800052
GPT-2,1348,0.000272345,0.999003708,0.000724002
GPT-2,1349,0.001131078,0.963310957,0.035557982
GPT-2,1350,0.000512106,0.999059975,0.000427871
GPT-2,1351,0.000539386,0.004385653,0.995074928
GPT-2,1352,0.000470541,0.003926229,0.995603204
GPT-2,1353,0.000796025,0.998456955,0.000747064
GPT-2,1354,0.000524393,0.986549675,0.012925988
GPT-2,1355,0.000326027,0.999457896,0.00021606
GPT-2,1356,0.001144699,0.998491406,0.000363909
GPT-2,1357,0.000866674,0.016806638,0.982326686
GPT-2,1358,0.000530552,0.999353588,0.000115821
GPT-2,1359,0.000949018,0.004103947,0.994947135
GPT-2,1360,0.944430768,0.032390237,0.023178976
GPT-2,1361,0.000442447,0.000495904,0.999061644
GPT-2,1362,0.000490408,0.999391437,0.000118095
GPT-2,1363,0.000562533,0.987848759,0.011588674
GPT-2,1364,0.017057111,0.625293016,0.357649863
GPT-2,1365,0.000411119,0.000720573,0.998868346
GPT-2,1366,0.000755494,0.010763217,0.988481283
GPT-2,1367,0.000483289,0.000833232,0.998683512
GPT-2,1368,0.01060441,0.967643976,0.021751681
GPT-2,1369,0.993915737,0.00256064,0.003523579
GPT-2,1370,0.001767943,0.898801446,0.09943065
GPT-2,1371,0.0019768,0.011875901,0.986147225
GPT-2,1372,0.000559877,0.001039352,0.998400748
GPT-2,1373,0.00043748,0.99800247,0.001560061
GPT-2,1374,0.000729787,0.999120414,0.000149796
GPT-2,1375,0.000433044,0.999413133,0.000153807
GPT-2,1376,0.000344848,0.998844266,0.000810866
GPT-2,1377,0.000736047,0.001747164,0.997516751
GPT-2,1378,0.459295213,0.005688855,0.535015881
GPT-2,1379,0.00053722,0.999350965,0.000111856
GPT-2,1380,0.046166644,0.003824941,0.950008452
GPT-2,1381,0.000720332,0.983146608,0.016133085
GPT-2,1382,0.001902323,0.127564326,0.870533347
GPT-2,1383,0.001622834,0.867802024,0.13057515
GPT-2,1384,0.001033839,0.963576853,0.035389267
GPT-2,1385,0.31262064,0.000557365,0.686822057
GPT-2,1386,0.004971657,0.99483192,0.000196404
GPT-2,1387,0.000557012,0.99932611,0.00011686
GPT-2,1388,0.001124089,0.061135795,0.937740028
GPT-2,1389,0.000509649,0.999370396,0.000120025
GPT-2,1390,0.01075693,0.774838626,0.214404479
GPT-2,1391,0.000573135,0.00098055,0.998446405
GPT-2,1392,0.000880511,0.000943945,0.998175502
GPT-2,1393,0.002983979,0.791998386,0.205017641
GPT-2,1394,0.001531185,0.000650737,0.997817993
GPT-2,1395,0.001066261,0.063679278,0.935254395
GPT-2,1396,0.000477926,0.011891352,0.987630785
GPT-2,1397,0.000356735,0.995669127,0.003974122
GPT-2,1398,0.015417544,0.003502667,0.981079817
GPT-2,1399,0.44304052,0.553659558,0.003299928
GPT-2,1400,0.423172683,0.004347221,0.572480083
GPT-2,1401,0.000605797,0.000344511,0.999049604
GPT-2,1402,0.000414835,0.000686017,0.998899102
GPT-2,1403,0.0010352,0.000778005,0.998186767
GPT-2,1404,0.001067754,0.003735103,0.995197117
GPT-2,1405,0.006757451,0.009025445,0.984217048
GPT-2,1406,0.85110271,0.014876983,0.134020329
GPT-2,1407,0.995853543,0.003578125,0.000568453
GPT-2,1408,0.024031172,0.328486562,0.647482276
GPT-2,1409,0.000628694,0.999241114,0.000130246
GPT-2,1410,0.000492818,0.000745242,0.998762012
GPT-2,1411,0.000329943,0.999284923,0.00038521
GPT-2,1412,0.000363653,0.9994753,0.000161086
GPT-2,1413,0.000705729,0.003810381,0.995483875
GPT-2,1414,0.001087255,0.957810104,0.041102648
GPT-2,1415,0.002288972,0.839622736,0.158088237
GPT-2,1416,0.00108164,0.997030735,0.00188766
GPT-2,1417,0.00355015,0.994887888,0.001562019
GPT-2,1418,0.001554694,0.046743024,0.951702237
GPT-2,1419,0.001343859,0.998534679,0.000121406
GPT-2,1420,0.00042717,0.00042586,0.999147058
GPT-2,1421,0.001941794,0.997573078,0.000485154
GPT-2,1422,0.004264425,0.979309678,0.016425958
GPT-2,1423,0.000506447,0.999360263,0.000133254
GPT-2,1424,0.005506297,0.963476002,0.031017633
GPT-2,1425,0.001866705,0.011494525,0.986638784
GPT-2,1426,0.001008021,0.996101975,0.002889985
GPT-2,1427,0.000547174,0.999335349,0.000117408
GPT-2,1428,0.00058659,0.000412238,0.999001086
GPT-2,1429,0.000459459,0.99941504,0.000125528
GPT-2,1430,0.00425366,0.033332046,0.962414324
GPT-2,1431,0.000693102,0.000789062,0.998517811
GPT-2,1432,0.000377796,0.999098539,0.000523639
GPT-2,1433,0.000782549,0.001263039,0.997954369
GPT-2,1434,0.000324402,0.999444425,0.000231155
GPT-2,1435,0.001365876,0.996478856,0.002155302
GPT-2,1436,0.003611376,0.964210033,0.032178584
GPT-2,1437,0.002172567,0.767115414,0.230712071
GPT-2,1438,0.000504494,0.004721453,0.994774163
GPT-2,1439,0.000531405,0.000465219,0.99900347
GPT-2,1440,0.000378151,0.999418259,0.000203637
GPT-2,1441,0.002918047,0.108251892,0.888830006
GPT-2,1442,0.000501804,0.999377728,0.000120448
GPT-2,1443,0.000520194,0.002958162,0.996521711
GPT-2,1444,0.000833538,0.010555361,0.988611042
GPT-2,1445,0.000601764,0.005128999,0.994269252
GPT-2,1446,0.002419609,0.002073854,0.995506525
GPT-2,1447,0.000907858,0.998574853,0.000517333
GPT-2,1448,0.00056089,0.000500652,0.998938501
GPT-2,1449,0.001067309,0.000525589,0.998407066
GPT-2,1450,0.003606095,0.855971575,0.140422344
GPT-2,1451,0.224037647,0.004933887,0.771028399
GPT-2,1452,0.000880132,0.009518294,0.989601552
GPT-2,1453,0.000561696,0.999324083,0.000114288
GPT-2,1454,0.000677809,0.022944879,0.976377428
GPT-2,1455,0.000585166,0.005733029,0.993681788
GPT-2,1456,0.002041213,0.927049458,0.070909321
GPT-2,1457,0.000502125,0.998833477,0.000664355
GPT-2,1458,0.001055106,0.96429038,0.034654513
GPT-2,1459,0.001174692,0.998660684,0.000164563
GPT-2,1460,0.000419676,0.999442399,0.000137881
GPT-2,1461,0.006422813,0.007320921,0.986256301
GPT-2,1462,0.036115587,0.001966124,0.961918235
GPT-2,1463,0.00124667,0.08747834,0.91127497
GPT-2,1464,0.000701749,0.002788551,0.996509731
GPT-2,1465,0.000978349,0.987152755,0.011868878
GPT-2,1466,0.000401317,0.00163719,0.997961521
GPT-2,1467,0.000570426,0.000450253,0.99897927
GPT-2,1468,0.002760786,0.35409084,0.643148422
GPT-2,1469,0.021387357,0.001357433,0.977255166
GPT-2,1470,0.000498967,0.000495302,0.999005735
GPT-2,1471,0.000364573,0.999487162,0.000148208
GPT-2,1472,0.994850218,0.000525108,0.004624614
GPT-2,1473,0.001592165,0.977434635,0.020973191
GPT-2,1474,0.000676998,0.999180257,0.000142714
GPT-2,1475,0.000600424,0.967358172,0.032041386
GPT-2,1476,0.000572702,0.997720182,0.001707064
GPT-2,1477,0.001424406,0.199139774,0.799435794
GPT-2,1478,0.000940062,0.954276025,0.044783913
GPT-2,1479,0.000480473,0.996517539,0.003001983
GPT-2,1480,0.033354171,0.622476578,0.344169259
GPT-2,1481,0.000417391,0.99944216,0.000140391
GPT-2,1482,0.001075186,0.034484226,0.964440584
GPT-2,1483,0.000530633,0.999359429,0.000109946
GPT-2,1484,0.000485703,0.00063995,0.998874366
GPT-2,1485,0.000875985,0.000476303,0.998647749
GPT-2,1486,0.001453622,0.981084049,0.017462363
GPT-2,1487,0.000555562,0.999333084,0.000111308
GPT-2,1488,0.999411225,0.000236785,0.000352065
GPT-2,1489,0.000498536,0.0004007,0.999100804
GPT-2,1490,0.001041441,0.891132951,0.107825607
GPT-2,1491,0.003211949,0.415836036,0.580951989
GPT-2,1492,0.219609842,0.097528346,0.682861805
GPT-2,1493,0.000502138,0.002247117,0.997250736
GPT-2,1494,0.00056869,0.992024064,0.007407288
GPT-2,1495,0.003727044,0.135944828,0.860328138
GPT-2,1496,0.000533103,0.99306798,0.006398906
GPT-2,1497,0.000400388,0.999184191,0.000415422
GPT-2,1498,0.003261748,0.48529008,0.511448205
GPT-2,1499,0.000893695,0.001267577,0.997838795
GPT-2,1500,0.000412288,0.998884261,0.000703407
GPT-2,1501,0.000409642,0.999152064,0.000438292
GPT-2,1502,0.000743064,0.986175716,0.013081217
GPT-2,1503,0.002980944,0.704604089,0.292414993
GPT-2,1504,0.003087523,0.000833068,0.996079385
GPT-2,1505,0.000718684,0.001455637,0.997825682
GPT-2,1506,0.000392578,0.000825653,0.998781741
GPT-2,1507,0.001361162,0.00948799,0.989150882
GPT-2,1508,0.000590858,0.002644186,0.996764898
GPT-2,1509,0.001341291,0.005949053,0.992709637
GPT-2,1510,0.000559283,0.000408819,0.999031901
GPT-2,1511,0.001250104,0.021428844,0.977321088
GPT-2,1512,0.905066907,0.093625657,0.001307433
GPT-2,1513,0.000290257,0.999255121,0.000454651
GPT-2,1514,0.003037872,0.995306194,0.001655919
GPT-2,1515,0.000826404,0.00034504,0.998828471
GPT-2,1516,0.000233853,0.999135315,0.000630803
GPT-2,1517,0.009810641,0.741010964,0.249178395
GPT-2,1518,0.000780747,0.001203762,0.998015523
